{
  "TotalSKUs": 1399,
  "StockValue": 804995.41,
  "OutOfStockItems": 600,
  "AverageDailySales": 720.645833333334,
  "AverageInventoryAgeDays": 2604.967028150671,
  "GeneratedAt": "2026-03-17T09:09:00.6765129Z"
}